ManagerID,Manager_Name,Dept_ID,JobRole_ID
23,MARTY ROSS,11,5006
32,GREGORY SUHR,12,5006
38,MONICA FIELDS,11,5006
84,ROBERT POSTEL,12,5006
140,SAMSON LAI,13,5006
148,NELA PONFERRADA,13,5006
153,IRENE SUNG,12,5006
158,MICHAEL CASTAGNOLA,11,5006
199,SIU-KWAN CHOW,12,5006
226,THOMAS ALDANA,12,5006
253,DONALD FIELDS,12,5006
259,GRAD GREEN,12,5006
264,OLLIE BANKS,12,5006
298,GERARDO PINTO,11,5006
319,CLEMENTINO AVILA II,12,5006
323,JOHN ROCCO,11,5006
327,REGINA GOMEZ,11,5006
329,ANDREW LOGAN,11,5006
336,RUBY MARTIN,12,5006
363,JAY HUISH,11,5006
374,DENNIS MARTINEZ,12,5006
376,MITCHELL LEE,12,5006
381,LOUIS CASSANEGO,12,5006
410,PAUL URQUIAGA,11,5006
428,CLYDE CHRISTOBAL,12,5006
429,TODD RYDSTROM,12,5006
444,RUDY CASTELLANOS,12,5006
473,RANDY LY,11,5006
505,WILLIAM MCFARLAND,12,5006
531,ROBERT GUILLERMO,12,5006
546,MARK SOLOMON,12,5006
549,DANIEL MOLLOY,12,5006
558,ALEXIS GOLDNER,11,5006
568,NANCY LEW,11,5006
569,MARK SENORES,12,5006
582,RANDY MANNING,12,5006
597,WENDY STILL,11,5006
613,ERIBERTO ISON,11,5006
625,JOSHUA KUMLI,11,5006
644,HERBERT HENLEY,13,5006
664,JOSE CASTILLO,12,5006
671,KATHRYN HOW,12,5006
731,JOSEPH WOODS,13,5006
734,CHARLES STINSON,13,5006
776,ELISA RAMIREZ,11,5006
787,JULIO ESCOBAR,12,5006
809,LENETTE THOMPSON,12,5006
820,EDWARD DELCARLO,12,5006
851,HUNG-MING CHU,11,5006
905,EDGAR LOPEZ,12,5006
976,SARA COE,12,5006
981,MARCELLINA OGBU,11,5006
992,YEVA JOHNSON,11,5006
1029,ERNEST CARRILLO,11,5006
1038,ROBERT REED,11,5006
1045,JOYCE HICKS,11,5006
1048,ANTHONY WEST,11,5006
1074,VICTORIA BALDOCCHI,12,5006
1109,DAVEY LACAP,12,5006
1116,JOHN CHRISTY,12,5006
1124,CLIFFORD COOK,11,5006
1191,JOSEPH GOLDENSON,12,5006
1201,PHIL ARNOLD,12,5006
1204,CYNTHIA NICHOL,11,5006
1215,MICHAEL RUBIN,12,5006
1256,MARSHALL KHINE,12,5006
1267,JOYCE GO,11,5006
1277,JAMES AYACHE,11,5006
1280,JOHN ARNTZ,11,5006
1282,ANNE TAM,11,5006
1288,JOHN SIKORA,12,5006
1306,CLINTON BUNKER,12,5006
1307,KEVIN DEMPSEY,12,5006
1321,JAMIE YOUNG,12,5006
1334,TIMOTHY FLAHERTY,12,5006
1336,ALBERT WATERS II,12,5006
1338,SEAN OLEARY,13,5006
1352,GABRIEL SHIN,13,5006
1408,JOSEPH PACE,13,5006
1516,JOHN RODDY,12,5006
1520,JONATHAN ROLNICK,12,5006
1527,FRANK AGNOST,11,5006
1550,CATHERINE ANDERSON,13,5006
1578,TYSON YEE,11,5006
1591,ELLEN BRIN,11,5006
1595,VIVIAN WILLIAMS,12,5006
1602,JASON ROBINSON,11,5006
1625,DANIEL BRIGHT,13,5006
1644,DIANE VACCARO,12,5006
1665,DAVID NASTARI,12,5006
1676,DAVID GOFF,11,5006
1677,STEPHEN NAKAJIMA,12,5006
1740,SIMIN OBRIEN,11,5006
1786,KATHARINE PORTER,12,5006
1824,CAROLYN STEIN,11,5006
1866,KEVIN NEEDHAM,12,5006
1892,KIRK EDISON JR,12,5006
1900,ERIK RAPOPORT,12,5006
1938,MICHAEL LLEWELLYN,11,5006
1973,LAWRENCE NG,13,5006
2022,BENJAMIN LEUNG,12,5006
2031,MICHAEL SIMON,12,5006
