Project_ID,Project_Location,ManagerID
4001,Boston,23
4002,Boston,32
4003,Boston,38
4004,Boston,84
4005,Boston,140
4006,Boston,148
4007,Boston,153
4008,Boston,158
4009,Boston,199
4010,Boston,226
4011,Boston,253
4012,Boston,259
4013,Boston,264
4014,Boston,298
4015,Boston,319
4016,Boston,323
4017,Boston,327
4018,Boston,329
4019,Boston,336
4020,Boston,363
4021,Boston,374
4022,Boston,376
4023,Boston,381
4024,Boston,410
4025,Boston,428
4026,Boston,429
4027,Boston,444
4028,Boston,473
4029,Boston,505
4030,Boston,531
4031,Boston,546
4032,Boston,549
4033,Boston,558
4034,Boston,568
4035,Boston,569
4036,Dallas,582
4037,Dallas,597
4038,Dallas,613
4039,Dallas,625
4040,Dallas,644
4041,Dallas,664
4042,Dallas,671
4043,Dallas,731
4044,Dallas,734
4045,Dallas,776
4046,Dallas,787
4047,Dallas,809
4048,Dallas,820
4049,Dallas,851
4050,Dallas,905
4051,Dallas,976
4052,Dallas,981
4053,Dallas,992
4054,Dallas,1029
4055,Dallas,1038
4056,Dallas,1045
4057,Dallas,1048
4058,Dallas,1074
4059,Dallas,1109
4060,Dallas,1116
4061,Dallas,1124
4062,Dallas,1191
4063,Dallas,1201
4064,Dallas,1204
4065,Dallas,1215
4066,Dallas,1256
4067,Dallas,1267
4068,Dallas,1277
4069,Dallas,1280
4070,Dallas,1282
4071,Dallas,1288
4072,Dallas,1306
4073,Dallas,1307
4074,Dallas,1321
4075,Dallas,1334
4076,Dallas,1336
4077,Dallas,1338
4078,Dallas,1352
4079,Seattle,1408
4080,Seattle,1516
4081,Seattle,1520
4082,Seattle,1527
4083,Seattle,1550
4084,Seattle,1578
4085,Seattle,1591
4086,Seattle,1595
4087,Seattle,1602
4088,Seattle,1625
4089,Seattle,1644
4090,Seattle,1665
4091,Seattle,1676
4092,Seattle,1677
4093,Seattle,1740
4094,Seattle,1786
4095,Seattle,1824
4096,Seattle,1866
4097,Seattle,1892
4098,Seattle,1900
4099,Seattle,1938
4100,Seattle,1973
4101,Seattle,2022
4102,Seattle,2031
